{
  "providers": {
    "awscloudformation": {
      "AuthRoleName": "amplify-westethics-staging-184527-authRole",
      "UnauthRoleArn": "arn:aws:iam::426149935946:role/amplify-westethics-staging-184527-unauthRole",
      "AuthRoleArn": "arn:aws:iam::426149935946:role/amplify-westethics-staging-184527-authRole",
      "Region": "us-east-1",
      "DeploymentBucketName": "amplify-westethics-staging-184527-deployment",
      "UnauthRoleName": "amplify-westethics-staging-184527-unauthRole",
      "StackName": "amplify-westethics-staging-184527",
      "StackId": "arn:aws:cloudformation:us-east-1:426149935946:stack/amplify-westethics-staging-184527/74351560-1388-11ee-a8ea-0ac26df70e7f",
      "AmplifyAppId": "d3n3e37q65alct"
    }
  },
  "auth": {
    "WestEthics": {
      "customAuth": false,
      "dependsOn": [],
      "frontendAuthConfig": {
        "mfaConfiguration": "OFF",
        "mfaTypes": [
          "SMS"
        ],
        "passwordProtectionSettings": {
          "passwordPolicyMinLength": 8,
          "passwordPolicyCharacters": [
            "REQUIRES_LOWERCASE",
            "REQUIRES_NUMBERS",
            "REQUIRES_SYMBOLS",
            "REQUIRES_UPPERCASE"
          ]
        },
        "signupAttributes": [
          "EMAIL"
        ],
        "socialProviders": [
          "GOOGLE"
        ],
        "usernameAttributes": [
          "EMAIL"
        ],
        "verificationMechanisms": [
          "EMAIL"
        ]
      },
      "providerPlugin": "awscloudformation",
      "service": "Cognito",
      "output": {
        "UserPoolId": "us-east-1_XwVedh5xr",
        "AppClientIDWeb": "6q01uar5amun3c1379j17m4811",
        "AppClientID": "2m5gecsv98ch8e47n33odv2lmm",
        "HostedUIDomain": "fo7a7jeiec7x-staging",
        "IdentityPoolId": "us-east-1:f478c4a2-827f-492c-99f2-425b332db6dc",
        "UserPoolArn": "arn:aws:cognito-idp:us-east-1:426149935946:userpool/us-east-1_XwVedh5xr",
        "IdentityPoolName": "testAuthIdentityPool__staging",
        "OAuthMetadata": "{\"AllowedOAuthFlows\":[\"code\"],\"AllowedOAuthScopes\":[\"phone\",\"email\",\"openid\",\"profile\",\"aws.cognito.signin.user.admin\"],\"CallbackURLs\":[\"https://google.com\"],\"LogoutURLs\":[\"https://google.com\"]}",
        "UserPoolName": "WestEthics"
      },
      "lastPushTimeStamp": "2023-08-29T16:03:01.974Z",
      "providerMetadata": {
        "s3TemplateURL": "https://s3.amazonaws.com/amplify-westethics-staging-184527-deployment/amplify-cfn-templates/auth/WestEthics-cloudformation-template.json",
        "logicalId": "authWestEthics"
      },
      "lastPushDirHash": "7GqsPO3gtjuougLyfRr55nvjLAA="
    }
  },
  "storage": {
    "s3westethicsstorage15fc6b31": {
      "service": "S3",
      "providerPlugin": "awscloudformation",
      "dependsOn": [],
      "lastPushTimeStamp": "2023-08-29T16:03:01.974Z",
      "providerMetadata": {
        "s3TemplateURL": "https://s3.amazonaws.com/amplify-westethics-staging-184527-deployment/amplify-cfn-templates/storage/cloudformation-template.json",
        "logicalId": "storages3westethicsstorage15fc6b31"
      },
      "output": {
        "BucketName": "westethics-storage-15fc6b31184527-staging",
        "Region": "us-east-1"
      },
      "lastPushDirHash": "QjarJ/X/TcoC3eB9qYOITcZvTwU="
    }
  }
}